label,mm_x,mm_y,row,col,xu,yu,image_path
P01_-79.940_29.960,-79.94,29.96,0,0,572.9902485858714,647.4409675068538,C:\Users\Moon\Desktop\OPTİK KISIM\Gimbal\kods\GZGSG-Distortion-Measurement\olcum_15x15_tarih_2026-08-07_09-57-14\P01_-79.940_29.960.png
P02_-68.520_29.960,-68.52,29.96,0,1,629.5412478905631,644.5340123355386,C:\Users\Moon\Desktop\OPTİK KISIM\Gimbal\kods\GZGSG-Distortion-Measurement\olcum_15x15_tarih_2026-08-07_09-57-14\P02_-68.520_29.960.png
P03_-57.100_29.960,-57.1,29.96,0,2,689.8540650189506,642.7038345878041,C:\Users\Moon\Desktop\OPTİK KISIM\Gimbal\kods\GZGSG-Distortion-Measurement\olcum_15x15_tarih_2026-08-07_09-57-14\P03_-57.100_29.960.png
P04_-45.680_29.960,-45.68,29.96,0,3,753.4433779665179,641.8359152691713,C:\Users\Moon\Desktop\OPTİK KISIM\Gimbal\kods\GZGSG-Distortion-Measurement\olcum_15x15_tarih_2026-08-07_09-57-14\P04_-45.680_29.960.png
P05_-34.260_29.960,-34.26,29.96,0,4,819.6862122994088,639.8256287827578,C:\Users\Moon\Desktop\OPTİK KISIM\Gimbal\kods\GZGSG-Distortion-Measurement\olcum_15x15_tarih_2026-08-07_09-57-14\P05_-34.260_29.960.png
P06_-22.840_29.960,-22.84,29.96,0,5,886.6278812974465,641.058727537979,C:\Users\Moon\Desktop\OPTİK KISIM\Gimbal\kods\GZGSG-Distortion-Measurement\olcum_15x15_tarih_2026-08-07_09-57-14\P06_-22.840_29.960.png
P07_-11.420_29.960,-11.42,29.96,0,6,956.2458471716144,641.0030402776304,C:\Users\Moon\Desktop\OPTİK KISIM\Gimbal\kods\GZGSG-Distortion-Measurement\olcum_15x15_tarih_2026-08-07_09-57-14\P07_-11.420_29.960.png
P08_0.000_29.960,0.0,29.96,0,7,1027.366440062611,640.9559240145717,C:\Users\Moon\Desktop\OPTİK KISIM\Gimbal\kods\GZGSG-Distortion-Measurement\olcum_15x15_tarih_2026-08-07_09-57-14\P08_0.000_29.960.png
P09_11.420_29.960,11.42,29.96,0,8,1097.3843126645897,642.31333950479,C:\Users\Moon\Desktop\OPTİK KISIM\Gimbal\kods\GZGSG-Distortion-Measurement\olcum_15x15_tarih_2026-08-07_09-57-14\P09_11.420_29.960.png
P10_22.840_29.960,22.84,29.96,0,9,1167.800393318743,642.3800842383449,C:\Users\Moon\Desktop\OPTİK KISIM\Gimbal\kods\GZGSG-Distortion-Measurement\olcum_15x15_tarih_2026-08-07_09-57-14\P10_22.840_29.960.png
P11_34.260_29.960,34.26,29.96,0,10,1236.8632220462384,643.8133807445989,C:\Users\Moon\Desktop\OPTİK KISIM\Gimbal\kods\GZGSG-Distortion-Measurement\olcum_15x15_tarih_2026-08-07_09-57-14\P11_34.260_29.960.png
P12_45.680_29.960,45.68,29.96,0,11,1302.7908857285377,647.4732058856338,C:\Users\Moon\Desktop\OPTİK KISIM\Gimbal\kods\GZGSG-Distortion-Measurement\olcum_15x15_tarih_2026-08-07_09-57-14\P12_45.680_29.960.png
P13_57.100_29.960,57.1,29.96,0,12,1367.0021232600363,649.6045440790801,C:\Users\Moon\Desktop\OPTİK KISIM\Gimbal\kods\GZGSG-Distortion-Measurement\olcum_15x15_tarih_2026-08-07_09-57-14\P13_57.100_29.960.png
P14_68.520_29.960,68.52,29.96,0,13,1429.5246750113283,653.4796620941687,C:\Users\Moon\Desktop\OPTİK KISIM\Gimbal\kods\GZGSG-Distortion-Measurement\olcum_15x15_tarih_2026-08-07_09-57-14\P14_68.520_29.960.png
P15_79.940_29.960,79.94,29.96,0,14,1489.0682182907497,656.1045935983349,C:\Users\Moon\Desktop\OPTİK KISIM\Gimbal\kods\GZGSG-Distortion-Measurement\olcum_15x15_tarih_2026-08-07_09-57-14\P15_79.940_29.960.png
P16_-79.940_25.680,-79.94,25.68,1,0,568.7133889849024,696.620775861132,C:\Users\Moon\Desktop\OPTİK KISIM\Gimbal\kods\GZGSG-Distortion-Measurement\olcum_15x15_tarih_2026-08-07_09-57-14\P16_-79.940_25.680.png
P17_-68.520_25.680,-68.52,25.68,1,1,625.7821436875146,694.5208091141595,C:\Users\Moon\Desktop\OPTİK KISIM\Gimbal\kods\GZGSG-Distortion-Measurement\olcum_15x15_tarih_2026-08-07_09-57-14\P17_-68.520_25.680.png
P18_-57.100_25.680,-57.1,25.68,1,2,686.5228340451495,692.6921903599756,C:\Users\Moon\Desktop\OPTİK KISIM\Gimbal\kods\GZGSG-Distortion-Measurement\olcum_15x15_tarih_2026-08-07_09-57-14\P18_-57.100_25.680.png
P19_-45.680_25.680,-45.68,25.68,1,3,750.4515101063348,692.6951068833753,C:\Users\Moon\Desktop\OPTİK KISIM\Gimbal\kods\GZGSG-Distortion-Measurement\olcum_15x15_tarih_2026-08-07_09-57-14\P19_-45.680_25.680.png
P20_-34.260_25.680,-34.26,25.68,1,4,817.1337328520948,691.2062742605498,C:\Users\Moon\Desktop\OPTİK KISIM\Gimbal\kods\GZGSG-Distortion-Measurement\olcum_15x15_tarih_2026-08-07_09-57-14\P20_-34.260_25.680.png
P21_-22.840_25.680,-22.84,25.68,1,5,885.1427561453122,690.4937205423827,C:\Users\Moon\Desktop\OPTİK KISIM\Gimbal\kods\GZGSG-Distortion-Measurement\olcum_15x15_tarih_2026-08-07_09-57-14\P21_-22.840_25.680.png
P22_-11.420_25.680,-11.42,25.68,1,6,955.0569058002432,692.6221043414688,C:\Users\Moon\Desktop\OPTİK KISIM\Gimbal\kods\GZGSG-Distortion-Measurement\olcum_15x15_tarih_2026-08-07_09-57-14\P22_-11.420_25.680.png
P23_0.000_25.680,0.0,25.68,1,7,1026.8550464474015,692.5549878650933,C:\Users\Moon\Desktop\OPTİK KISIM\Gimbal\kods\GZGSG-Distortion-Measurement\olcum_15x15_tarih_2026-08-07_09-57-14\P23_0.000_25.680.png
P24_11.420_25.680,11.42,25.68,1,8,1096.1373668938852,694.0180495177227,C:\Users\Moon\Desktop\OPTİK KISIM\Gimbal\kods\GZGSG-Distortion-Measurement\olcum_15x15_tarih_2026-08-07_09-57-14\P24_11.420_25.680.png
P25_22.840_25.680,22.84,25.68,1,9,1168.8194091187079,693.3663086780332,C:\Users\Moon\Desktop\OPTİK KISIM\Gimbal\kods\GZGSG-Distortion-Measurement\olcum_15x15_tarih_2026-08-07_09-57-14\P25_22.840_25.680.png
P26_34.260_25.680,34.26,25.68,1,10,1237.9400235373234,695.020770006725,C:\Users\Moon\Desktop\OPTİK KISIM\Gimbal\kods\GZGSG-Distortion-Measurement\olcum_15x15_tarih_2026-08-07_09-57-14\P26_34.260_25.680.png
P27_45.680_25.680,45.68,25.68,1,11,1304.2078468830307,698.9490992869178,C:\Users\Moon\Desktop\OPTİK KISIM\Gimbal\kods\GZGSG-Distortion-Measurement\olcum_15x15_tarih_2026-08-07_09-57-14\P27_45.680_25.680.png
P28_57.100_25.680,57.1,25.68,1,12,1370.0913959099005,700.5729746792631,C:\Users\Moon\Desktop\OPTİK KISIM\Gimbal\kods\GZGSG-Distortion-Measurement\olcum_15x15_tarih_2026-08-07_09-57-14\P28_57.100_25.680.png
P29_68.520_25.680,68.52,25.68,1,13,1432.6390025749745,703.666899973845,C:\Users\Moon\Desktop\OPTİK KISIM\Gimbal\kods\GZGSG-Distortion-Measurement\olcum_15x15_tarih_2026-08-07_09-57-14\P29_68.520_25.680.png
P30_79.940_25.680,79.94,25.68,1,14,1492.4631346695496,706.6269427531714,C:\Users\Moon\Desktop\OPTİK KISIM\Gimbal\kods\GZGSG-Distortion-Measurement\olcum_15x15_tarih_2026-08-07_09-57-14\P30_79.940_25.680.png
P31_-79.940_21.400,-79.94,21.400000000000002,2,0,564.4981492249744,747.9152375414417,C:\Users\Moon\Desktop\OPTİK KISIM\Gimbal\kods\GZGSG-Distortion-Measurement\olcum_15x15_tarih_2026-08-07_09-57-14\P31_-79.940_21.400.png
P32_-68.520_21.400,-68.52,21.400000000000002,2,1,622.0571513297119,746.6895901009584,C:\Users\Moon\Desktop\OPTİK KISIM\Gimbal\kods\GZGSG-Distortion-Measurement\olcum_15x15_tarih_2026-08-07_09-57-14\P32_-68.520_21.400.png
P33_-57.100_21.400,-57.1,21.400000000000002,2,2,683.1204175339142,745.6759405495299,C:\Users\Moon\Desktop\OPTİK KISIM\Gimbal\kods\GZGSG-Distortion-Measurement\olcum_15x15_tarih_2026-08-07_09-57-14\P33_-57.100_21.400.png
P34_-45.680_21.400,-45.68,21.400000000000002,2,3,747.7031069195803,744.4918900986931,C:\Users\Moon\Desktop\OPTİK KISIM\Gimbal\kods\GZGSG-Distortion-Measurement\olcum_15x15_tarih_2026-08-07_09-57-14\P34_-45.680_21.400.png
P35_-34.260_21.400,-34.26,21.400000000000002,2,4,814.4833260380886,743.7306830574742,C:\Users\Moon\Desktop\OPTİK KISIM\Gimbal\kods\GZGSG-Distortion-Measurement\olcum_15x15_tarih_2026-08-07_09-57-14\P35_-34.260_21.400.png
P36_-22.840_21.400,-22.84,21.400000000000002,2,5,883.6362351813494,744.0094944030673,C:\Users\Moon\Desktop\OPTİK KISIM\Gimbal\kods\GZGSG-Distortion-Measurement\olcum_15x15_tarih_2026-08-07_09-57-14\P36_-22.840_21.400.png
P37_-11.420_21.400,-11.42,21.400000000000002,2,6,954.5147643468712,745.3625751182913,C:\Users\Moon\Desktop\OPTİK KISIM\Gimbal\kods\GZGSG-Distortion-Measurement\olcum_15x15_tarih_2026-08-07_09-57-14\P37_-11.420_21.400.png
P38_0.000_21.400,0.0,21.400000000000002,2,7,1025.5960770661945,745.1792053860389,C:\Users\Moon\Desktop\OPTİK KISIM\Gimbal\kods\GZGSG-Distortion-Measurement\olcum_15x15_tarih_2026-08-07_09-57-14\P38_0.000_21.400.png
P39_11.420_21.400,11.42,21.400000000000002,2,8,1097.1299926105935,747.3406325941387,C:\Users\Moon\Desktop\OPTİK KISIM\Gimbal\kods\GZGSG-Distortion-Measurement\olcum_15x15_tarih_2026-08-07_09-57-14\P39_11.420_21.400.png
P40_22.840_21.400,22.84,21.400000000000002,2,9,1169.6622984384824,745.7648059572155,C:\Users\Moon\Desktop\OPTİK KISIM\Gimbal\kods\GZGSG-Distortion-Measurement\olcum_15x15_tarih_2026-08-07_09-57-14\P40_22.840_21.400.png
P41_34.260_21.400,34.26,21.400000000000002,2,10,1239.452285719651,748.2040502077683,C:\Users\Moon\Desktop\OPTİK KISIM\Gimbal\kods\GZGSG-Distortion-Measurement\olcum_15x15_tarih_2026-08-07_09-57-14\P41_34.260_21.400.png
P42_45.680_21.400,45.68,21.400000000000002,2,11,1305.6786727309805,751.4557165015666,C:\Users\Moon\Desktop\OPTİK KISIM\Gimbal\kods\GZGSG-Distortion-Measurement\olcum_15x15_tarih_2026-08-07_09-57-14\P42_45.680_21.400.png
P43_57.100_21.400,57.1,21.400000000000002,2,12,1372.081766466795,753.1620813775764,C:\Users\Moon\Desktop\OPTİK KISIM\Gimbal\kods\GZGSG-Distortion-Measurement\olcum_15x15_tarih_2026-08-07_09-57-14\P43_57.100_21.400.png
P44_68.520_21.400,68.52,21.400000000000002,2,13,1435.2516098126157,755.7367371493505,C:\Users\Moon\Desktop\OPTİK KISIM\Gimbal\kods\GZGSG-Distortion-Measurement\olcum_15x15_tarih_2026-08-07_09-57-14\P44_68.520_21.400.png
P45_79.940_21.400,79.94,21.400000000000002,2,14,1495.5702153818131,758.1287130215685,C:\Users\Moon\Desktop\OPTİK KISIM\Gimbal\kods\GZGSG-Distortion-Measurement\olcum_15x15_tarih_2026-08-07_09-57-14\P45_79.940_21.400.png
P46_-79.940_17.120,-79.94,17.12,3,0,561.9941813663042,799.716371892365,C:\Users\Moon\Desktop\OPTİK KISIM\Gimbal\kods\GZGSG-Distortion-Measurement\olcum_15x15_tarih_2026-08-07_09-57-14\P46_-79.940_17.120.png
P47_-68.520_17.120,-68.52,17.12,3,1,619.3421472686418,798.8073806220301,C:\Users\Moon\Desktop\OPTİK KISIM\Gimbal\kods\GZGSG-Distortion-Measurement\olcum_15x15_tarih_2026-08-07_09-57-14\P47_-68.520_17.120.png
P48_-57.100_17.120,-57.1,17.12,3,2,681.686240726216,798.4878621115297,C:\Users\Moon\Desktop\OPTİK KISIM\Gimbal\kods\GZGSG-Distortion-Measurement\olcum_15x15_tarih_2026-08-07_09-57-14\P48_-57.100_17.120.png
P49_-45.680_17.120,-45.68,17.12,3,3,745.7420899891068,797.948735645565,C:\Users\Moon\Desktop\OPTİK KISIM\Gimbal\kods\GZGSG-Distortion-Measurement\olcum_15x15_tarih_2026-08-07_09-57-14\P49_-45.680_17.120.png
P50_-34.260_17.120,-34.26,17.12,3,4,812.8975242735839,797.8244778044499,C:\Users\Moon\Desktop\OPTİK KISIM\Gimbal\kods\GZGSG-Distortion-Measurement\olcum_15x15_tarih_2026-08-07_09-57-14\P50_-34.260_17.120.png
P51_-22.840_17.120,-22.84,17.12,3,5,882.4632080181665,797.5858318525636,C:\Users\Moon\Desktop\OPTİK KISIM\Gimbal\kods\GZGSG-Distortion-Measurement\olcum_15x15_tarih_2026-08-07_09-57-14\P51_-22.840_17.120.png
P52_-11.420_17.120,-11.42,17.12,3,6,952.5799799310452,799.463213348428,C:\Users\Moon\Desktop\OPTİK KISIM\Gimbal\kods\GZGSG-Distortion-Measurement\olcum_15x15_tarih_2026-08-07_09-57-14\P52_-11.420_17.120.png
P53_0.000_17.120,0.0,17.12,3,7,1025.879233175287,799.6929759837841,C:\Users\Moon\Desktop\OPTİK KISIM\Gimbal\kods\GZGSG-Distortion-Measurement\olcum_15x15_tarih_2026-08-07_09-57-14\P53_0.000_17.120.png
P54_11.420_17.120,11.42,17.12,3,8,1097.8769703502862,800.5906427624878,C:\Users\Moon\Desktop\OPTİK KISIM\Gimbal\kods\GZGSG-Distortion-Measurement\olcum_15x15_tarih_2026-08-07_09-57-14\P54_11.420_17.120.png
P55_22.840_17.120,22.84,17.12,3,9,1169.8166070361303,800.983769577783,C:\Users\Moon\Desktop\OPTİK KISIM\Gimbal\kods\GZGSG-Distortion-Measurement\olcum_15x15_tarih_2026-08-07_09-57-14\P55_22.840_17.120.png
P56_34.260_17.120,34.26,17.12,3,10,1240.511083283965,802.5829989864305,C:\Users\Moon\Desktop\OPTİK KISIM\Gimbal\kods\GZGSG-Distortion-Measurement\olcum_15x15_tarih_2026-08-07_09-57-14\P56_34.260_17.120.png
P57_45.680_17.120,45.68,17.12,3,11,1307.2761140782336,804.9807308268772,C:\Users\Moon\Desktop\OPTİK KISIM\Gimbal\kods\GZGSG-Distortion-Measurement\olcum_15x15_tarih_2026-08-07_09-57-14\P57_45.680_17.120.png
P58_57.100_17.120,57.1,17.12,3,12,1374.0505210750073,806.2186006847339,C:\Users\Moon\Desktop\OPTİK KISIM\Gimbal\kods\GZGSG-Distortion-Measurement\olcum_15x15_tarih_2026-08-07_09-57-14\P58_57.100_17.120.png
P59_68.520_17.120,68.52,17.12,3,13,1437.8775361304158,808.6652860585604,C:\Users\Moon\Desktop\OPTİK KISIM\Gimbal\kods\GZGSG-Distortion-Measurement\olcum_15x15_tarih_2026-08-07_09-57-14\P59_68.520_17.120.png
P60_79.940_17.120,79.94,17.12,3,14,1498.1825588038053,810.4577506768337,C:\Users\Moon\Desktop\OPTİK KISIM\Gimbal\kods\GZGSG-Distortion-Measurement\olcum_15x15_tarih_2026-08-07_09-57-14\P60_79.940_17.120.png
P61_-79.940_12.840,-79.94,12.84,4,0,559.0139738575201,852.1687337723844,C:\Users\Moon\Desktop\OPTİK KISIM\Gimbal\kods\GZGSG-Distortion-Measurement\olcum_15x15_tarih_2026-08-07_09-57-14\P61_-79.940_12.840.png
P62_-68.520_12.840,-68.52,12.84,4,1,617.095210796238,852.318014905254,C:\Users\Moon\Desktop\OPTİK KISIM\Gimbal\kods\GZGSG-Distortion-Measurement\olcum_15x15_tarih_2026-08-07_09-57-14\P62_-68.520_12.840.png
P63_-57.100_12.840,-57.1,12.84,4,2,678.9725428011212,852.1216788830257,C:\Users\Moon\Desktop\OPTİK KISIM\Gimbal\kods\GZGSG-Distortion-Measurement\olcum_15x15_tarih_2026-08-07_09-57-14\P63_-57.100_12.840.png
P64_-45.680_12.840,-45.68,12.84,4,3,743.8234449056258,853.0095866479364,C:\Users\Moon\Desktop\OPTİK KISIM\Gimbal\kods\GZGSG-Distortion-Measurement\olcum_15x15_tarih_2026-08-07_09-57-14\P64_-45.680_12.840.png
P65_-34.260_12.840,-34.26,12.84,4,4,812.2147781509634,853.01465244633,C:\Users\Moon\Desktop\OPTİK KISIM\Gimbal\kods\GZGSG-Distortion-Measurement\olcum_15x15_tarih_2026-08-07_09-57-14\P65_-34.260_12.840.png
P66_-22.840_12.840,-22.84,12.84,4,5,881.2144621503286,853.0437440365255,C:\Users\Moon\Desktop\OPTİK KISIM\Gimbal\kods\GZGSG-Distortion-Measurement\olcum_15x15_tarih_2026-08-07_09-57-14\P66_-22.840_12.840.png
P67_-11.420_12.840,-11.42,12.84,4,6,952.7631710385142,854.1063001775871,C:\Users\Moon\Desktop\OPTİK KISIM\Gimbal\kods\GZGSG-Distortion-Measurement\olcum_15x15_tarih_2026-08-07_09-57-14\P67_-11.420_12.840.png
P68_0.000_12.840,0.0,12.84,4,7,1026.130139576819,854.8414913917759,C:\Users\Moon\Desktop\OPTİK KISIM\Gimbal\kods\GZGSG-Distortion-Measurement\olcum_15x15_tarih_2026-08-07_09-57-14\P68_0.000_12.840.png
P69_11.420_12.840,11.42,12.84,4,8,1098.2415783346946,855.3976275549815,C:\Users\Moon\Desktop\OPTİK KISIM\Gimbal\kods\GZGSG-Distortion-Measurement\olcum_15x15_tarih_2026-08-07_09-57-14\P69_11.420_12.840.png
P70_22.840_12.840,22.84,12.84,4,9,1171.2227057857417,856.7089191806998,C:\Users\Moon\Desktop\OPTİK KISIM\Gimbal\kods\GZGSG-Distortion-Measurement\olcum_15x15_tarih_2026-08-07_09-57-14\P70_22.840_12.840.png
P71_34.260_12.840,34.26,12.84,4,10,1243.9844787912994,856.9426420787565,C:\Users\Moon\Desktop\OPTİK KISIM\Gimbal\kods\GZGSG-Distortion-Measurement\olcum_15x15_tarih_2026-08-07_09-57-14\P71_34.260_12.840.png
P72_45.680_12.840,45.68,12.84,4,11,1308.2370377075727,860.4600343984793,C:\Users\Moon\Desktop\OPTİK KISIM\Gimbal\kods\GZGSG-Distortion-Measurement\olcum_15x15_tarih_2026-08-07_09-57-14\P72_45.680_12.840.png
P73_57.100_12.840,57.1,12.84,4,12,1374.7974323285623,861.2750171385836,C:\Users\Moon\Desktop\OPTİK KISIM\Gimbal\kods\GZGSG-Distortion-Measurement\olcum_15x15_tarih_2026-08-07_09-57-14\P73_57.100_12.840.png
P74_68.520_12.840,68.52,12.84,4,13,1438.6135815875202,862.7243557486029,C:\Users\Moon\Desktop\OPTİK KISIM\Gimbal\kods\GZGSG-Distortion-Measurement\olcum_15x15_tarih_2026-08-07_09-57-14\P74_68.520_12.840.png
P75_79.940_12.840,79.94,12.84,4,14,1499.1130391005202,864.1972478603792,C:\Users\Moon\Desktop\OPTİK KISIM\Gimbal\kods\GZGSG-Distortion-Measurement\olcum_15x15_tarih_2026-08-07_09-57-14\P75_79.940_12.840.png
P76_-79.940_8.560,-79.94,8.56,5,0,557.8817410829016,907.1090205732372,C:\Users\Moon\Desktop\OPTİK KISIM\Gimbal\kods\GZGSG-Distortion-Measurement\olcum_15x15_tarih_2026-08-07_09-57-14\P76_-79.940_8.560.png
P77_-68.520_8.560,-68.52,8.56,5,1,616.1139265331739,906.9656690658769,C:\Users\Moon\Desktop\OPTİK KISIM\Gimbal\kods\GZGSG-Distortion-Measurement\olcum_15x15_tarih_2026-08-07_09-57-14\P77_-68.520_8.560.png
P78_-57.100_8.560,-57.1,8.56,5,2,678.1245952106586,907.3464996761685,C:\Users\Moon\Desktop\OPTİK KISIM\Gimbal\kods\GZGSG-Distortion-Measurement\olcum_15x15_tarih_2026-08-07_09-57-14\P78_-57.100_8.560.png
P79_-45.680_8.560,-45.68,8.56,5,3,743.1163408779149,908.1384602194787,C:\Users\Moon\Desktop\OPTİK KISIM\Gimbal\kods\GZGSG-Distortion-Measurement\olcum_15x15_tarih_2026-08-07_09-57-14\P79_-45.680_8.560.png
P80_-34.260_8.560,-34.26,8.56,5,4,811.0134084269494,908.6083426196428,C:\Users\Moon\Desktop\OPTİK KISIM\Gimbal\kods\GZGSG-Distortion-Measurement\olcum_15x15_tarih_2026-08-07_09-57-14\P80_-34.260_8.560.png
P81_-22.840_8.560,-22.84,8.56,5,5,880.4558308632382,909.4929158632863,C:\Users\Moon\Desktop\OPTİK KISIM\Gimbal\kods\GZGSG-Distortion-Measurement\olcum_15x15_tarih_2026-08-07_09-57-14\P81_-22.840_8.560.png
P82_-11.420_8.560,-11.42,8.56,5,6,952.1245367115347,910.056518806728,C:\Users\Moon\Desktop\OPTİK KISIM\Gimbal\kods\GZGSG-Distortion-Measurement\olcum_15x15_tarih_2026-08-07_09-57-14\P82_-11.420_8.560.png
P83_0.000_8.560,0.0,8.56,5,7,1026.7657739634983,911.0572008387549,C:\Users\Moon\Desktop\OPTİK KISIM\Gimbal\kods\GZGSG-Distortion-Measurement\olcum_15x15_tarih_2026-08-07_09-57-14\P83_0.000_8.560.png
P84_11.420_8.560,11.42,8.56,5,8,1098.837242616422,911.8940521447198,C:\Users\Moon\Desktop\OPTİK KISIM\Gimbal\kods\GZGSG-Distortion-Measurement\olcum_15x15_tarih_2026-08-07_09-57-14\P84_11.420_8.560.png
P85_22.840_8.560,22.84,8.56,5,9,1170.768017296458,912.9062644739756,C:\Users\Moon\Desktop\OPTİK KISIM\Gimbal\kods\GZGSG-Distortion-Measurement\olcum_15x15_tarih_2026-08-07_09-57-14\P85_22.840_8.560.png
P86_34.260_8.560,34.26,8.56,5,10,1240.0796661067188,915.0113697537311,C:\Users\Moon\Desktop\OPTİK KISIM\Gimbal\kods\GZGSG-Distortion-Measurement\olcum_15x15_tarih_2026-08-07_09-57-14\P86_34.260_8.560.png
P87_45.680_8.560,45.68,8.56,5,11,1308.2283342826918,916.4710484405333,C:\Users\Moon\Desktop\OPTİK KISIM\Gimbal\kods\GZGSG-Distortion-Measurement\olcum_15x15_tarih_2026-08-07_09-57-14\P87_45.680_8.560.png
P88_57.100_8.560,57.1,8.56,5,12,1375.1642799834674,916.9180180399212,C:\Users\Moon\Desktop\OPTİK KISIM\Gimbal\kods\GZGSG-Distortion-Measurement\olcum_15x15_tarih_2026-08-07_09-57-14\P88_57.100_8.560.png
P89_68.520_8.560,68.52,8.56,5,13,1439.351696744668,917.9647698817028,C:\Users\Moon\Desktop\OPTİK KISIM\Gimbal\kods\GZGSG-Distortion-Measurement\olcum_15x15_tarih_2026-08-07_09-57-14\P89_68.520_8.560.png
P90_79.940_8.560,79.94,8.56,5,14,1500.037258128704,920.0256633646327,C:\Users\Moon\Desktop\OPTİK KISIM\Gimbal\kods\GZGSG-Distortion-Measurement\olcum_15x15_tarih_2026-08-07_09-57-14\P90_79.940_8.560.png
P91_-79.940_4.280,-79.94,4.28,6,0,558.6291405930718,962.7325390435959,C:\Users\Moon\Desktop\OPTİK KISIM\Gimbal\kods\GZGSG-Distortion-Measurement\olcum_15x15_tarih_2026-08-07_09-57-14\P91_-79.940_4.280.png
P92_-68.520_4.280,-68.52,4.28,6,1,616.1687304229537,963.0584259607296,C:\Users\Moon\Desktop\OPTİK KISIM\Gimbal\kods\GZGSG-Distortion-Measurement\olcum_15x15_tarih_2026-08-07_09-57-14\P92_-68.520_4.280.png
P93_-57.100_4.280,-57.1,4.28,6,2,676.6273452230087,963.9069792600377,C:\Users\Moon\Desktop\OPTİK KISIM\Gimbal\kods\GZGSG-Distortion-Measurement\olcum_15x15_tarih_2026-08-07_09-57-14\P93_-57.100_4.280.png
P94_-45.680_4.280,-45.68,4.28,6,3,741.3558325011286,965.2037921175393,C:\Users\Moon\Desktop\OPTİK KISIM\Gimbal\kods\GZGSG-Distortion-Measurement\olcum_15x15_tarih_2026-08-07_09-57-14\P94_-45.680_4.280.png
P95_-34.260_4.280,-34.26,4.28,6,4,810.6234879937845,965.6337970718916,C:\Users\Moon\Desktop\OPTİK KISIM\Gimbal\kods\GZGSG-Distortion-Measurement\olcum_15x15_tarih_2026-08-07_09-57-14\P95_-34.260_4.280.png
P96_-22.840_4.280,-22.84,4.28,6,5,879.9020671502857,966.7343840277332,C:\Users\Moon\Desktop\OPTİK KISIM\Gimbal\kods\GZGSG-Distortion-Measurement\olcum_15x15_tarih_2026-08-07_09-57-14\P96_-22.840_4.280.png
P97_-11.420_4.280,-11.42,4.28,6,6,953.8612015930265,967.4331012638187,C:\Users\Moon\Desktop\OPTİK KISIM\Gimbal\kods\GZGSG-Distortion-Measurement\olcum_15x15_tarih_2026-08-07_09-57-14\P97_-11.420_4.280.png
P98_0.000_4.280,0.0,4.28,6,7,1026.7965011538156,967.7439012227792,C:\Users\Moon\Desktop\OPTİK KISIM\Gimbal\kods\GZGSG-Distortion-Measurement\olcum_15x15_tarih_2026-08-07_09-57-14\P98_0.000_4.280.png
P99_11.420_4.280,11.42,4.28,6,8,1100.973444123613,968.8097386749943,C:\Users\Moon\Desktop\OPTİK KISIM\Gimbal\kods\GZGSG-Distortion-Measurement\olcum_15x15_tarih_2026-08-07_09-57-14\P99_11.420_4.280.png
P100_22.840_4.280,22.84,4.28,6,9,1171.0247828728463,969.9228610732488,C:\Users\Moon\Desktop\OPTİK KISIM\Gimbal\kods\GZGSG-Distortion-Measurement\olcum_15x15_tarih_2026-08-07_09-57-14\P100_22.840_4.280.png
P101_34.260_4.280,34.26,4.28,6,10,1240.9043349814667,971.5290231064381,C:\Users\Moon\Desktop\OPTİK KISIM\Gimbal\kods\GZGSG-Distortion-Measurement\olcum_15x15_tarih_2026-08-07_09-57-14\P101_34.260_4.280.png
P102_45.680_4.280,45.68,4.28,6,11,1309.3216765970526,972.1430082814773,C:\Users\Moon\Desktop\OPTİK KISIM\Gimbal\kods\GZGSG-Distortion-Measurement\olcum_15x15_tarih_2026-08-07_09-57-14\P102_45.680_4.280.png
P103_57.100_4.280,57.1,4.28,6,12,1376.2039295071868,972.8354129570828,C:\Users\Moon\Desktop\OPTİK KISIM\Gimbal\kods\GZGSG-Distortion-Measurement\olcum_15x15_tarih_2026-08-07_09-57-14\P103_57.100_4.280.png
P104_68.520_4.280,68.52,4.28,6,13,1437.9815265211705,974.0571391510199,C:\Users\Moon\Desktop\OPTİK KISIM\Gimbal\kods\GZGSG-Distortion-Measurement\olcum_15x15_tarih_2026-08-07_09-57-14\P104_68.520_4.280.png
P105_79.940_4.280,79.94,4.28,6,14,1499.7566545981174,974.9109389331402,C:\Users\Moon\Desktop\OPTİK KISIM\Gimbal\kods\GZGSG-Distortion-Measurement\olcum_15x15_tarih_2026-08-07_09-57-14\P105_79.940_4.280.png
P106_-79.940_0.000,-79.94,0.0,7,0,557.5495646202846,1015.5617201881776,C:\Users\Moon\Desktop\OPTİK KISIM\Gimbal\kods\GZGSG-Distortion-Measurement\olcum_15x15_tarih_2026-08-07_09-57-14\P106_-79.940_0.000.png
P107_-68.520_0.000,-68.52,0.0,7,1,615.0685141446021,1018.6121020214847,C:\Users\Moon\Desktop\OPTİK KISIM\Gimbal\kods\GZGSG-Distortion-Measurement\olcum_15x15_tarih_2026-08-07_09-57-14\P107_-68.520_0.000.png
P108_-57.100_0.000,-57.1,0.0,7,2,677.0549326563712,1018.4414155761733,C:\Users\Moon\Desktop\OPTİK KISIM\Gimbal\kods\GZGSG-Distortion-Measurement\olcum_15x15_tarih_2026-08-07_09-57-14\P108_-57.100_0.000.png
P109_-45.680_0.000,-45.68,0.0,7,3,741.6644611925113,1020.6411255046561,C:\Users\Moon\Desktop\OPTİK KISIM\Gimbal\kods\GZGSG-Distortion-Measurement\olcum_15x15_tarih_2026-08-07_09-57-14\P109_-45.680_0.000.png
P110_-34.260_0.000,-34.26,0.0,7,4,808.6340758080345,1021.0048948630082,C:\Users\Moon\Desktop\OPTİK KISIM\Gimbal\kods\GZGSG-Distortion-Measurement\olcum_15x15_tarih_2026-08-07_09-57-14\P110_-34.260_0.000.png
P111_-22.840_0.000,-22.84,0.0,7,5,878.644096834626,1022.7492161792256,C:\Users\Moon\Desktop\OPTİK KISIM\Gimbal\kods\GZGSG-Distortion-Measurement\olcum_15x15_tarih_2026-08-07_09-57-14\P111_-22.840_0.000.png
P112_-11.420_0.000,-11.42,0.0,7,6,951.2953436406261,1023.9610782040002,C:\Users\Moon\Desktop\OPTİK KISIM\Gimbal\kods\GZGSG-Distortion-Measurement\olcum_15x15_tarih_2026-08-07_09-57-14\P112_-11.420_0.000.png
P113_0.000_0.000,0.0,0.0,7,7,1024.3671313341936,1027.1952116458538,C:\Users\Moon\Desktop\OPTİK KISIM\Gimbal\kods\GZGSG-Distortion-Measurement\olcum_15x15_tarih_2026-08-07_09-57-14\P113_0.000_0.000.png
P114_11.420_0.000,11.42,0.0,7,8,1098.7798374766369,1026.7131277009094,C:\Users\Moon\Desktop\OPTİK KISIM\Gimbal\kods\GZGSG-Distortion-Measurement\olcum_15x15_tarih_2026-08-07_09-57-14\P114_11.420_0.000.png
P115_22.840_0.000,22.84,0.0,7,9,1167.9513472550996,1026.9281896235186,C:\Users\Moon\Desktop\OPTİK KISIM\Gimbal\kods\GZGSG-Distortion-Measurement\olcum_15x15_tarih_2026-08-07_09-57-14\P115_22.840_0.000.png
P116_34.260_0.000,34.26,0.0,7,10,1238.5440476934198,1027.6282786994975,C:\Users\Moon\Desktop\OPTİK KISIM\Gimbal\kods\GZGSG-Distortion-Measurement\olcum_15x15_tarih_2026-08-07_09-57-14\P116_34.260_0.000.png
P117_45.680_0.000,45.68,0.0,7,11,1307.436928199792,1028.629411030177,C:\Users\Moon\Desktop\OPTİK KISIM\Gimbal\kods\GZGSG-Distortion-Measurement\olcum_15x15_tarih_2026-08-07_09-57-14\P117_45.680_0.000.png
P118_57.100_0.000,57.1,0.0,7,12,1374.6938417979118,1028.4569899132896,C:\Users\Moon\Desktop\OPTİK KISIM\Gimbal\kods\GZGSG-Distortion-Measurement\olcum_15x15_tarih_2026-08-07_09-57-14\P118_57.100_0.000.png
P119_68.520_0.000,68.52,0.0,7,13,1437.7905258694898,1027.71469685095,C:\Users\Moon\Desktop\OPTİK KISIM\Gimbal\kods\GZGSG-Distortion-Measurement\olcum_15x15_tarih_2026-08-07_09-57-14\P119_68.520_0.000.png
P120_79.940_0.000,79.94,0.0,7,14,1498.3720421903515,1028.3405540834528,C:\Users\Moon\Desktop\OPTİK KISIM\Gimbal\kods\GZGSG-Distortion-Measurement\olcum_15x15_tarih_2026-08-07_09-57-14\P120_79.940_0.000.png
P121_-79.940_-4.280,-79.94,-4.28,8,0,558.3529898726115,1071.2126124735623,C:\Users\Moon\Desktop\OPTİK KISIM\Gimbal\kods\GZGSG-Distortion-Measurement\olcum_15x15_tarih_2026-08-07_09-57-14\P121_-79.940_-4.280.png
P122_-68.520_-4.280,-68.52,-4.28,8,1,616.3426149643943,1071.778244301422,C:\Users\Moon\Desktop\OPTİK KISIM\Gimbal\kods\GZGSG-Distortion-Measurement\olcum_15x15_tarih_2026-08-07_09-57-14\P122_-68.520_-4.280.png
P123_-57.100_-4.280,-57.1,-4.28,8,2,678.3111369685483,1074.584136429059,C:\Users\Moon\Desktop\OPTİK KISIM\Gimbal\kods\GZGSG-Distortion-Measurement\olcum_15x15_tarih_2026-08-07_09-57-14\P123_-57.100_-4.280.png
P124_-45.680_-4.280,-45.68,-4.28,8,3,741.328808066825,1076.2365041660767,C:\Users\Moon\Desktop\OPTİK KISIM\Gimbal\kods\GZGSG-Distortion-Measurement\olcum_15x15_tarih_2026-08-07_09-57-14\P124_-45.680_-4.280.png
P125_-34.260_-4.280,-34.26,-4.28,8,4,810.8002637280929,1077.410216268654,C:\Users\Moon\Desktop\OPTİK KISIM\Gimbal\kods\GZGSG-Distortion-Measurement\olcum_15x15_tarih_2026-08-07_09-57-14\P125_-34.260_-4.280.png
P126_-22.840_-4.280,-22.84,-4.28,8,5,878.6488381547513,1079.0278459156127,C:\Users\Moon\Desktop\OPTİK KISIM\Gimbal\kods\GZGSG-Distortion-Measurement\olcum_15x15_tarih_2026-08-07_09-57-14\P126_-22.840_-4.280.png
P127_-11.420_-4.280,-11.42,-4.28,8,6,949.8628409475025,1081.2691489638316,C:\Users\Moon\Desktop\OPTİK KISIM\Gimbal\kods\GZGSG-Distortion-Measurement\olcum_15x15_tarih_2026-08-07_09-57-14\P127_-11.420_-4.280.png
P128_0.000_-4.280,0.0,-4.28,8,7,1022.4259969726387,1082.9648978395085,C:\Users\Moon\Desktop\OPTİK KISIM\Gimbal\kods\GZGSG-Distortion-Measurement\olcum_15x15_tarih_2026-08-07_09-57-14\P128_0.000_-4.280.png
P129_11.420_-4.280,11.42,-4.28,8,8,1095.5114392254732,1084.204551413395,C:\Users\Moon\Desktop\OPTİK KISIM\Gimbal\kods\GZGSG-Distortion-Measurement\olcum_15x15_tarih_2026-08-07_09-57-14\P129_11.420_-4.280.png
P130_22.840_-4.280,22.84,-4.28,8,9,1166.2208731359412,1083.9921590663496,C:\Users\Moon\Desktop\OPTİK KISIM\Gimbal\kods\GZGSG-Distortion-Measurement\olcum_15x15_tarih_2026-08-07_09-57-14\P130_22.840_-4.280.png
P131_34.260_-4.280,34.26,-4.28,8,10,1235.63092524998,1084.6429872832941,C:\Users\Moon\Desktop\OPTİK KISIM\Gimbal\kods\GZGSG-Distortion-Measurement\olcum_15x15_tarih_2026-08-07_09-57-14\P131_34.260_-4.280.png
P132_45.680_-4.280,45.68,-4.28,8,11,1303.8015932554567,1084.503170435466,C:\Users\Moon\Desktop\OPTİK KISIM\Gimbal\kods\GZGSG-Distortion-Measurement\olcum_15x15_tarih_2026-08-07_09-57-14\P132_45.680_-4.280.png
P133_57.100_-4.280,57.1,-4.28,8,12,1371.244810428992,1083.4417178491144,C:\Users\Moon\Desktop\OPTİK KISIM\Gimbal\kods\GZGSG-Distortion-Measurement\olcum_15x15_tarih_2026-08-07_09-57-14\P133_57.100_-4.280.png
P134_68.520_-4.280,68.52,-4.28,8,13,1434.261293891574,1083.5,C:\Users\Moon\Desktop\OPTİK KISIM\Gimbal\kods\GZGSG-Distortion-Measurement\olcum_15x15_tarih_2026-08-07_09-57-14\P134_68.520_-4.280.png
P135_79.940_-4.280,79.94,-4.28,8,14,1496.0554098173366,1084.4680701476864,C:\Users\Moon\Desktop\OPTİK KISIM\Gimbal\kods\GZGSG-Distortion-Measurement\olcum_15x15_tarih_2026-08-07_09-57-14\P135_79.940_-4.280.png
P136_-79.940_-8.560,-79.94,-8.56,9,0,561.4786363364478,1127.4532092127135,C:\Users\Moon\Desktop\OPTİK KISIM\Gimbal\kods\GZGSG-Distortion-Measurement\olcum_15x15_tarih_2026-08-07_09-57-14\P136_-79.940_-8.560.png
P137_-68.520_-8.560,-68.52,-8.56,9,1,617.4102144783058,1128.092269929407,C:\Users\Moon\Desktop\OPTİK KISIM\Gimbal\kods\GZGSG-Distortion-Measurement\olcum_15x15_tarih_2026-08-07_09-57-14\P137_-68.520_-8.560.png
P138_-57.100_-8.560,-57.1,-8.56,9,2,678.8377388850987,1128.6789650645408,C:\Users\Moon\Desktop\OPTİK KISIM\Gimbal\kods\GZGSG-Distortion-Measurement\olcum_15x15_tarih_2026-08-07_09-57-14\P138_-57.100_-8.560.png
P139_-45.680_-8.560,-45.68,-8.56,9,3,742.4250155188811,1131.60856642234,C:\Users\Moon\Desktop\OPTİK KISIM\Gimbal\kods\GZGSG-Distortion-Measurement\olcum_15x15_tarih_2026-08-07_09-57-14\P139_-45.680_-8.560.png
P140_-34.260_-8.560,-34.26,-8.56,9,4,810.6916627689429,1133.7754727382066,C:\Users\Moon\Desktop\OPTİK KISIM\Gimbal\kods\GZGSG-Distortion-Measurement\olcum_15x15_tarih_2026-08-07_09-57-14\P140_-34.260_-8.560.png
P141_-22.840_-8.560,-22.84,-8.56,9,5,879.8293957697194,1135.970902890766,C:\Users\Moon\Desktop\OPTİK KISIM\Gimbal\kods\GZGSG-Distortion-Measurement\olcum_15x15_tarih_2026-08-07_09-57-14\P141_-22.840_-8.560.png
P142_-11.420_-8.560,-11.42,-8.56,9,6,949.9382116258628,1136.7106412553915,C:\Users\Moon\Desktop\OPTİK KISIM\Gimbal\kods\GZGSG-Distortion-Measurement\olcum_15x15_tarih_2026-08-07_09-57-14\P142_-11.420_-8.560.png
P143_0.000_-8.560,0.0,-8.56,9,7,1021.9180597217148,1138.0418079444871,C:\Users\Moon\Desktop\OPTİK KISIM\Gimbal\kods\GZGSG-Distortion-Measurement\olcum_15x15_tarih_2026-08-07_09-57-14\P143_0.000_-8.560.png
P144_11.420_-8.560,11.42,-8.56,9,8,1094.270395582691,1139.5973584343149,C:\Users\Moon\Desktop\OPTİK KISIM\Gimbal\kods\GZGSG-Distortion-Measurement\olcum_15x15_tarih_2026-08-07_09-57-14\P144_11.420_-8.560.png
P145_22.840_-8.560,22.84,-8.56,9,9,1166.3082088627434,1140.4912225453963,C:\Users\Moon\Desktop\OPTİK KISIM\Gimbal\kods\GZGSG-Distortion-Measurement\olcum_15x15_tarih_2026-08-07_09-57-14\P145_22.840_-8.560.png
P146_34.260_-8.560,34.26,-8.56,9,10,1235.1689593481533,1140.5613479762642,C:\Users\Moon\Desktop\OPTİK KISIM\Gimbal\kods\GZGSG-Distortion-Measurement\olcum_15x15_tarih_2026-08-07_09-57-14\P146_34.260_-8.560.png
P147_45.680_-8.560,45.68,-8.56,9,11,1304.3783728361389,1140.4457310092876,C:\Users\Moon\Desktop\OPTİK KISIM\Gimbal\kods\GZGSG-Distortion-Measurement\olcum_15x15_tarih_2026-08-07_09-57-14\P147_45.680_-8.560.png
P148_57.100_-8.560,57.1,-8.56,9,12,1368.4892163701268,1140.9889647844893,C:\Users\Moon\Desktop\OPTİK KISIM\Gimbal\kods\GZGSG-Distortion-Measurement\olcum_15x15_tarih_2026-08-07_09-57-14\P148_57.100_-8.560.png
P149_68.520_-8.560,68.52,-8.56,9,13,1429.7551711808203,1140.0210814702823,C:\Users\Moon\Desktop\OPTİK KISIM\Gimbal\kods\GZGSG-Distortion-Measurement\olcum_15x15_tarih_2026-08-07_09-57-14\P149_68.520_-8.560.png
P150_79.940_-8.560,79.94,-8.56,9,14,1492.3008552879824,1137.690848225084,C:\Users\Moon\Desktop\OPTİK KISIM\Gimbal\kods\GZGSG-Distortion-Measurement\olcum_15x15_tarih_2026-08-07_09-57-14\P150_79.940_-8.560.png
P151_-79.940_-12.840,-79.94,-12.84,10,0,562.2592720662794,1176.6637430316398,C:\Users\Moon\Desktop\OPTİK KISIM\Gimbal\kods\GZGSG-Distortion-Measurement\olcum_15x15_tarih_2026-08-07_09-57-14\P151_-79.940_-12.840.png
P152_-68.520_-12.840,-68.52,-12.84,10,1,617.9262857827796,1177.7564961150888,C:\Users\Moon\Desktop\OPTİK KISIM\Gimbal\kods\GZGSG-Distortion-Measurement\olcum_15x15_tarih_2026-08-07_09-57-14\P152_-68.520_-12.840.png
P153_-57.100_-12.840,-57.1,-12.84,10,2,680.3396867904756,1182.3510838136267,C:\Users\Moon\Desktop\OPTİK KISIM\Gimbal\kods\GZGSG-Distortion-Measurement\olcum_15x15_tarih_2026-08-07_09-57-14\P153_-57.100_-12.840.png
P154_-45.680_-12.840,-45.68,-12.84,10,3,743.6470784901887,1185.0862235970503,C:\Users\Moon\Desktop\OPTİK KISIM\Gimbal\kods\GZGSG-Distortion-Measurement\olcum_15x15_tarih_2026-08-07_09-57-14\P154_-45.680_-12.840.png
P155_-34.260_-12.840,-34.26,-12.84,10,4,811.4763213143833,1187.7434620406061,C:\Users\Moon\Desktop\OPTİK KISIM\Gimbal\kods\GZGSG-Distortion-Measurement\olcum_15x15_tarih_2026-08-07_09-57-14\P155_-34.260_-12.840.png
P156_-22.840_-12.840,-22.84,-12.84,10,5,878.7194714586835,1188.8417151404828,C:\Users\Moon\Desktop\OPTİK KISIM\Gimbal\kods\GZGSG-Distortion-Measurement\olcum_15x15_tarih_2026-08-07_09-57-14\P156_-22.840_-12.840.png
P157_-11.420_-12.840,-11.42,-12.84,10,6,948.129723650762,1191.611229689678,C:\Users\Moon\Desktop\OPTİK KISIM\Gimbal\kods\GZGSG-Distortion-Measurement\olcum_15x15_tarih_2026-08-07_09-57-14\P157_-11.420_-12.840.png
P158_0.000_-12.840,0.0,-12.84,10,7,1021.0369558696246,1193.6374686891577,C:\Users\Moon\Desktop\OPTİK KISIM\Gimbal\kods\GZGSG-Distortion-Measurement\olcum_15x15_tarih_2026-08-07_09-57-14\P158_0.000_-12.840.png
P159_11.420_-12.840,11.42,-12.84,10,8,1092.6049865782097,1193.972722621278,C:\Users\Moon\Desktop\OPTİK KISIM\Gimbal\kods\GZGSG-Distortion-Measurement\olcum_15x15_tarih_2026-08-07_09-57-14\P159_11.420_-12.840.png
P160_22.840_-12.840,22.84,-12.84,10,9,1163.9372557163094,1195.5241424824628,C:\Users\Moon\Desktop\OPTİK KISIM\Gimbal\kods\GZGSG-Distortion-Measurement\olcum_15x15_tarih_2026-08-07_09-57-14\P160_22.840_-12.840.png
P161_34.260_-12.840,34.26,-12.84,10,10,1232.8753134688627,1195.805927542621,C:\Users\Moon\Desktop\OPTİK KISIM\Gimbal\kods\GZGSG-Distortion-Measurement\olcum_15x15_tarih_2026-08-07_09-57-14\P161_34.260_-12.840.png
P162_45.680_-12.840,45.68,-12.84,10,11,1301.2206151248608,1196.02118431627,C:\Users\Moon\Desktop\OPTİK KISIM\Gimbal\kods\GZGSG-Distortion-Measurement\olcum_15x15_tarih_2026-08-07_09-57-14\P162_45.680_-12.840.png
P163_57.100_-12.840,57.1,-12.84,10,12,1368.2692615347323,1194.4239821746548,C:\Users\Moon\Desktop\OPTİK KISIM\Gimbal\kods\GZGSG-Distortion-Measurement\olcum_15x15_tarih_2026-08-07_09-57-14\P163_57.100_-12.840.png
P164_68.520_-12.840,68.52,-12.84,10,13,1429.804836839603,1192.8685636207551,C:\Users\Moon\Desktop\OPTİK KISIM\Gimbal\kods\GZGSG-Distortion-Measurement\olcum_15x15_tarih_2026-08-07_09-57-14\P164_68.520_-12.840.png
P165_79.940_-12.840,79.94,-12.84,10,14,1488.6056391013021,1192.751876230315,C:\Users\Moon\Desktop\OPTİK KISIM\Gimbal\kods\GZGSG-Distortion-Measurement\olcum_15x15_tarih_2026-08-07_09-57-14\P165_79.940_-12.840.png
P166_-79.940_-17.120,-79.94,-17.12,11,0,563.0830296893396,1226.8562468273522,C:\Users\Moon\Desktop\OPTİK KISIM\Gimbal\kods\GZGSG-Distortion-Measurement\olcum_15x15_tarih_2026-08-07_09-57-14\P166_-79.940_-17.120.png
P167_-68.520_-17.120,-68.52,-17.12,11,1,622.1044586378321,1232.9838130373307,C:\Users\Moon\Desktop\OPTİK KISIM\Gimbal\kods\GZGSG-Distortion-Measurement\olcum_15x15_tarih_2026-08-07_09-57-14\P167_-68.520_-17.120.png
P168_-57.100_-17.120,-57.1,-17.12,11,2,682.7024387638048,1236.5994967273218,C:\Users\Moon\Desktop\OPTİK KISIM\Gimbal\kods\GZGSG-Distortion-Measurement\olcum_15x15_tarih_2026-08-07_09-57-14\P168_-57.100_-17.120.png
P169_-45.680_-17.120,-45.68,-17.12,11,3,745.8978584499604,1239.5704779835191,C:\Users\Moon\Desktop\OPTİK KISIM\Gimbal\kods\GZGSG-Distortion-Measurement\olcum_15x15_tarih_2026-08-07_09-57-14\P169_-45.680_-17.120.png
P170_-34.260_-17.120,-34.26,-17.12,11,4,811.2924421555772,1242.6139651452984,C:\Users\Moon\Desktop\OPTİK KISIM\Gimbal\kods\GZGSG-Distortion-Measurement\olcum_15x15_tarih_2026-08-07_09-57-14\P170_-34.260_-17.120.png
P171_-22.840_-17.120,-22.84,-17.12,11,5,880.8817494564594,1245.7466707248504,C:\Users\Moon\Desktop\OPTİK KISIM\Gimbal\kods\GZGSG-Distortion-Measurement\olcum_15x15_tarih_2026-08-07_09-57-14\P171_-22.840_-17.120.png
P172_-11.420_-17.120,-11.42,-17.12,11,6,950.0480289337725,1245.6340830811416,C:\Users\Moon\Desktop\OPTİK KISIM\Gimbal\kods\GZGSG-Distortion-Measurement\olcum_15x15_tarih_2026-08-07_09-57-14\P172_-11.420_-17.120.png
P173_0.000_-17.120,0.0,-17.12,11,7,1020.9452996845425,1246.8370104343605,C:\Users\Moon\Desktop\OPTİK KISIM\Gimbal\kods\GZGSG-Distortion-Measurement\olcum_15x15_tarih_2026-08-07_09-57-14\P173_0.000_-17.120.png
P174_11.420_-17.120,11.42,-17.12,11,8,1089.489750748622,1248.1054966462693,C:\Users\Moon\Desktop\OPTİK KISIM\Gimbal\kods\GZGSG-Distortion-Measurement\olcum_15x15_tarih_2026-08-07_09-57-14\P174_11.420_-17.120.png
P175_22.840_-17.120,22.84,-17.12,11,9,1162.1316421844426,1249.7071475466676,C:\Users\Moon\Desktop\OPTİK KISIM\Gimbal\kods\GZGSG-Distortion-Measurement\olcum_15x15_tarih_2026-08-07_09-57-14\P175_22.840_-17.120.png
P176_34.260_-17.120,34.26,-17.12,11,10,1229.8441035283865,1248.1536348372215,C:\Users\Moon\Desktop\OPTİK KISIM\Gimbal\kods\GZGSG-Distortion-Measurement\olcum_15x15_tarih_2026-08-07_09-57-14\P176_34.260_-17.120.png
P177_45.680_-17.120,45.68,-17.12,11,11,1299.4859726546154,1248.8243443369768,C:\Users\Moon\Desktop\OPTİK KISIM\Gimbal\kods\GZGSG-Distortion-Measurement\olcum_15x15_tarih_2026-08-07_09-57-14\P177_45.680_-17.120.png
P178_57.100_-17.120,57.1,-17.12,11,12,1358.886576942572,1249.3947481900093,C:\Users\Moon\Desktop\OPTİK KISIM\Gimbal\kods\GZGSG-Distortion-Measurement\olcum_15x15_tarih_2026-08-07_09-57-14\P178_57.100_-17.120.png
P179_68.520_-17.120,68.52,-17.12,11,13,1424.6888316162187,1245.9839591874384,C:\Users\Moon\Desktop\OPTİK KISIM\Gimbal\kods\GZGSG-Distortion-Measurement\olcum_15x15_tarih_2026-08-07_09-57-14\P179_68.520_-17.120.png
P180_79.940_-17.120,79.94,-17.12,11,14,1480.4889293807803,1245.7655410749333,C:\Users\Moon\Desktop\OPTİK KISIM\Gimbal\kods\GZGSG-Distortion-Measurement\olcum_15x15_tarih_2026-08-07_09-57-14\P180_79.940_-17.120.png
P181_-79.940_-21.400,-79.94,-21.400000000000002,12,0,569.1455198273235,1282.4226197390533,C:\Users\Moon\Desktop\OPTİK KISIM\Gimbal\kods\GZGSG-Distortion-Measurement\olcum_15x15_tarih_2026-08-07_09-57-14\P181_-79.940_-21.400.png
P182_-68.520_-21.400,-68.52,-21.400000000000002,12,1,623.1005215394708,1284.246575552154,C:\Users\Moon\Desktop\OPTİK KISIM\Gimbal\kods\GZGSG-Distortion-Measurement\olcum_15x15_tarih_2026-08-07_09-57-14\P182_-68.520_-21.400.png
P183_-57.100_-21.400,-57.1,-21.400000000000002,12,2,687.8575031324523,1288.9608175892743,C:\Users\Moon\Desktop\OPTİK KISIM\Gimbal\kods\GZGSG-Distortion-Measurement\olcum_15x15_tarih_2026-08-07_09-57-14\P183_-57.100_-21.400.png
P184_-45.680_-21.400,-45.68,-21.400000000000002,12,3,747.5290550331629,1292.0384702300016,C:\Users\Moon\Desktop\OPTİK KISIM\Gimbal\kods\GZGSG-Distortion-Measurement\olcum_15x15_tarih_2026-08-07_09-57-14\P184_-45.680_-21.400.png
P185_-34.260_-21.400,-34.26,-21.400000000000002,12,4,813.2698280590616,1293.5143437360296,C:\Users\Moon\Desktop\OPTİK KISIM\Gimbal\kods\GZGSG-Distortion-Measurement\olcum_15x15_tarih_2026-08-07_09-57-14\P185_-34.260_-21.400.png
P186_-22.840_-21.400,-22.84,-21.400000000000002,12,5,880.0639647333376,1294.6723300278156,C:\Users\Moon\Desktop\OPTİK KISIM\Gimbal\kods\GZGSG-Distortion-Measurement\olcum_15x15_tarih_2026-08-07_09-57-14\P186_-22.840_-21.400.png
P187_-11.420_-21.400,-11.42,-21.400000000000002,12,6,949.3423103369241,1298.6485859472393,C:\Users\Moon\Desktop\OPTİK KISIM\Gimbal\kods\GZGSG-Distortion-Measurement\olcum_15x15_tarih_2026-08-07_09-57-14\P187_-11.420_-21.400.png
P188_0.000_-21.400,0.0,-21.400000000000002,12,7,1019.1480421228505,1300.1860203844637,C:\Users\Moon\Desktop\OPTİK KISIM\Gimbal\kods\GZGSG-Distortion-Measurement\olcum_15x15_tarih_2026-08-07_09-57-14\P188_0.000_-21.400.png
P189_11.420_-21.400,11.42,-21.400000000000002,12,8,1088.6331657235505,1299.9593036148083,C:\Users\Moon\Desktop\OPTİK KISIM\Gimbal\kods\GZGSG-Distortion-Measurement\olcum_15x15_tarih_2026-08-07_09-57-14\P189_11.420_-21.400.png
P190_22.840_-21.400,22.84,-21.400000000000002,12,9,1158.2566579583224,1301.0639665026974,C:\Users\Moon\Desktop\OPTİK KISIM\Gimbal\kods\GZGSG-Distortion-Measurement\olcum_15x15_tarih_2026-08-07_09-57-14\P190_22.840_-21.400.png
P191_34.260_-21.400,34.26,-21.400000000000002,12,10,1225.811585064066,1302.7937858596229,C:\Users\Moon\Desktop\OPTİK KISIM\Gimbal\kods\GZGSG-Distortion-Measurement\olcum_15x15_tarih_2026-08-07_09-57-14\P191_34.260_-21.400.png
P192_45.680_-21.400,45.68,-21.400000000000002,12,11,1292.9823140097515,1302.0110305704382,C:\Users\Moon\Desktop\OPTİK KISIM\Gimbal\kods\GZGSG-Distortion-Measurement\olcum_15x15_tarih_2026-08-07_09-57-14\P192_45.680_-21.400.png
P193_57.100_-21.400,57.1,-21.400000000000002,12,12,1354.7693764606736,1299.7445605743362,C:\Users\Moon\Desktop\OPTİK KISIM\Gimbal\kods\GZGSG-Distortion-Measurement\olcum_15x15_tarih_2026-08-07_09-57-14\P193_57.100_-21.400.png
P194_68.520_-21.400,68.52,-21.400000000000002,12,13,1416.952759464076,1303.9067401214188,C:\Users\Moon\Desktop\OPTİK KISIM\Gimbal\kods\GZGSG-Distortion-Measurement\olcum_15x15_tarih_2026-08-07_09-57-14\P194_68.520_-21.400.png
P195_79.940_-21.400,79.94,-21.400000000000002,12,14,1478.8601592177072,1299.2171777631556,C:\Users\Moon\Desktop\OPTİK KISIM\Gimbal\kods\GZGSG-Distortion-Measurement\olcum_15x15_tarih_2026-08-07_09-57-14\P195_79.940_-21.400.png
P196_-79.940_-25.680,-79.94,-25.68,13,0,573.3047031802208,1325.9956414038038,C:\Users\Moon\Desktop\OPTİK KISIM\Gimbal\kods\GZGSG-Distortion-Measurement\olcum_15x15_tarih_2026-08-07_09-57-14\P196_-79.940_-25.680.png
P197_-68.520_-25.680,-68.52,-25.68,13,1,625.7678183849687,1327.2043326069988,C:\Users\Moon\Desktop\OPTİK KISIM\Gimbal\kods\GZGSG-Distortion-Measurement\olcum_15x15_tarih_2026-08-07_09-57-14\P197_-68.520_-25.680.png
P198_-57.100_-25.680,-57.1,-25.68,13,2,687.3331374362881,1338.6981045147013,C:\Users\Moon\Desktop\OPTİK KISIM\Gimbal\kods\GZGSG-Distortion-Measurement\olcum_15x15_tarih_2026-08-07_09-57-14\P198_-57.100_-25.680.png
P199_-45.680_-25.680,-45.68,-25.68,13,3,750.7770808769209,1341.040866548922,C:\Users\Moon\Desktop\OPTİK KISIM\Gimbal\kods\GZGSG-Distortion-Measurement\olcum_15x15_tarih_2026-08-07_09-57-14\P199_-45.680_-25.680.png
P200_-34.260_-25.680,-34.26,-25.68,13,4,813.7515833616317,1343.1293909650017,C:\Users\Moon\Desktop\OPTİK KISIM\Gimbal\kods\GZGSG-Distortion-Measurement\olcum_15x15_tarih_2026-08-07_09-57-14\P200_-34.260_-25.680.png
P201_-22.840_-25.680,-22.84,-25.68,13,5,882.1280497260825,1347.9768523060661,C:\Users\Moon\Desktop\OPTİK KISIM\Gimbal\kods\GZGSG-Distortion-Measurement\olcum_15x15_tarih_2026-08-07_09-57-14\P201_-22.840_-25.680.png
P202_-11.420_-25.680,-11.42,-25.68,13,6,950.4258278702303,1348.4696103750566,C:\Users\Moon\Desktop\OPTİK KISIM\Gimbal\kods\GZGSG-Distortion-Measurement\olcum_15x15_tarih_2026-08-07_09-57-14\P202_-11.420_-25.680.png
P203_0.000_-25.680,0.0,-25.68,13,7,1018.4690043133073,1349.6673048026132,C:\Users\Moon\Desktop\OPTİK KISIM\Gimbal\kods\GZGSG-Distortion-Measurement\olcum_15x15_tarih_2026-08-07_09-57-14\P203_0.000_-25.680.png
P204_11.420_-25.680,11.42,-25.68,13,8,1087.3358716626587,1351.703724064771,C:\Users\Moon\Desktop\OPTİK KISIM\Gimbal\kods\GZGSG-Distortion-Measurement\olcum_15x15_tarih_2026-08-07_09-57-14\P204_11.420_-25.680.png
P205_22.840_-25.680,22.84,-25.68,13,9,1154.9693400073838,1353.0193818939601,C:\Users\Moon\Desktop\OPTİK KISIM\Gimbal\kods\GZGSG-Distortion-Measurement\olcum_15x15_tarih_2026-08-07_09-57-14\P205_22.840_-25.680.png
P206_34.260_-25.680,34.26,-25.68,13,10,1223.8550168611293,1351.6009865957449,C:\Users\Moon\Desktop\OPTİK KISIM\Gimbal\kods\GZGSG-Distortion-Measurement\olcum_15x15_tarih_2026-08-07_09-57-14\P206_34.260_-25.680.png
P207_45.680_-25.680,45.68,-25.68,13,11,1287.2280727476423,1350.4658444796264,C:\Users\Moon\Desktop\OPTİK KISIM\Gimbal\kods\GZGSG-Distortion-Measurement\olcum_15x15_tarih_2026-08-07_09-57-14\P207_45.680_-25.680.png
P208_57.100_-25.680,57.1,-25.68,13,12,1353.7991706764278,1346.715733075034,C:\Users\Moon\Desktop\OPTİK KISIM\Gimbal\kods\GZGSG-Distortion-Measurement\olcum_15x15_tarih_2026-08-07_09-57-14\P208_57.100_-25.680.png
P209_68.520_-25.680,68.52,-25.68,13,13,1413.0234481958464,1347.4985345435398,C:\Users\Moon\Desktop\OPTİK KISIM\Gimbal\kods\GZGSG-Distortion-Measurement\olcum_15x15_tarih_2026-08-07_09-57-14\P209_68.520_-25.680.png
P210_79.940_-25.680,79.94,-25.68,13,14,1469.3075067335235,1346.4787153475474,C:\Users\Moon\Desktop\OPTİK KISIM\Gimbal\kods\GZGSG-Distortion-Measurement\olcum_15x15_tarih_2026-08-07_09-57-14\P210_79.940_-25.680.png
P211_-79.940_-29.960,-79.94,-29.96,14,0,579.4601464347718,1377.4815890791294,C:\Users\Moon\Desktop\OPTİK KISIM\Gimbal\kods\GZGSG-Distortion-Measurement\olcum_15x15_tarih_2026-08-07_09-57-14\P211_-79.940_-29.960.png
P212_-68.520_-29.960,-68.52,-29.96,14,1,632.5334982902899,1386.0214701788752,C:\Users\Moon\Desktop\OPTİK KISIM\Gimbal\kods\GZGSG-Distortion-Measurement\olcum_15x15_tarih_2026-08-07_09-57-14\P212_-68.520_-29.960.png
P213_-57.100_-29.960,-57.1,-29.96,14,2,693.2094039580967,1386.7624142720174,C:\Users\Moon\Desktop\OPTİK KISIM\Gimbal\kods\GZGSG-Distortion-Measurement\olcum_15x15_tarih_2026-08-07_09-57-14\P213_-57.100_-29.960.png
P214_-45.680_-29.960,-45.68,-29.96,14,3,753.9272476222988,1387.605303502297,C:\Users\Moon\Desktop\OPTİK KISIM\Gimbal\kods\GZGSG-Distortion-Measurement\olcum_15x15_tarih_2026-08-07_09-57-14\P214_-45.680_-29.960.png
P215_-34.260_-29.960,-34.26,-29.96,14,4,817.326851003301,1394.249700913878,C:\Users\Moon\Desktop\OPTİK KISIM\Gimbal\kods\GZGSG-Distortion-Measurement\olcum_15x15_tarih_2026-08-07_09-57-14\P215_-34.260_-29.960.png
P216_-22.840_-29.960,-22.84,-29.96,14,5,883.1280792953588,1398.8446553502047,C:\Users\Moon\Desktop\OPTİK KISIM\Gimbal\kods\GZGSG-Distortion-Measurement\olcum_15x15_tarih_2026-08-07_09-57-14\P216_-22.840_-29.960.png
P217_-11.420_-29.960,-11.42,-29.96,14,6,949.3306549989671,1398.4618222591348,C:\Users\Moon\Desktop\OPTİK KISIM\Gimbal\kods\GZGSG-Distortion-Measurement\olcum_15x15_tarih_2026-08-07_09-57-14\P217_-11.420_-29.960.png
P218_0.000_-29.960,0.0,-29.96,14,7,1018.0323839908697,1400.1286346069048,C:\Users\Moon\Desktop\OPTİK KISIM\Gimbal\kods\GZGSG-Distortion-Measurement\olcum_15x15_tarih_2026-08-07_09-57-14\P218_0.000_-29.960.png
P219_11.420_-29.960,11.42,-29.96,14,8,1084.1573578730558,1401.4122477213402,C:\Users\Moon\Desktop\OPTİK KISIM\Gimbal\kods\GZGSG-Distortion-Measurement\olcum_15x15_tarih_2026-08-07_09-57-14\P219_11.420_-29.960.png
P220_22.840_-29.960,22.84,-29.96,14,9,1149.9099689424268,1400.459461019027,C:\Users\Moon\Desktop\OPTİK KISIM\Gimbal\kods\GZGSG-Distortion-Measurement\olcum_15x15_tarih_2026-08-07_09-57-14\P220_22.840_-29.960.png
P221_34.260_-29.960,34.26,-29.96,14,10,1218.447219575985,1400.685880107287,C:\Users\Moon\Desktop\OPTİK KISIM\Gimbal\kods\GZGSG-Distortion-Measurement\olcum_15x15_tarih_2026-08-07_09-57-14\P221_34.260_-29.960.png
P222_45.680_-29.960,45.68,-29.96,14,11,1281.4935498430405,1399.9368187758512,C:\Users\Moon\Desktop\OPTİK KISIM\Gimbal\kods\GZGSG-Distortion-Measurement\olcum_15x15_tarih_2026-08-07_09-57-14\P222_45.680_-29.960.png
P223_57.100_-29.960,57.1,-29.96,14,12,1348.020817187827,1402.480901917057,C:\Users\Moon\Desktop\OPTİK KISIM\Gimbal\kods\GZGSG-Distortion-Measurement\olcum_15x15_tarih_2026-08-07_09-57-14\P223_57.100_-29.960.png
P224_68.520_-29.960,68.52,-29.96,14,13,1405.9184892483,1400.657479291966,C:\Users\Moon\Desktop\OPTİK KISIM\Gimbal\kods\GZGSG-Distortion-Measurement\olcum_15x15_tarih_2026-08-07_09-57-14\P224_68.520_-29.960.png
P225_79.940_-29.960,79.94,-29.96,14,14,1462.097416155473,1394.2736622321806,C:\Users\Moon\Desktop\OPTİK KISIM\Gimbal\kods\GZGSG-Distortion-Measurement\olcum_15x15_tarih_2026-08-07_09-57-14\P225_79.940_-29.960.png
